<?xml version="1.0" encoding="UTF-8"?>
<beans xmlns="http://www.springframework.org/schema/beans"
       xmlns:xsi="http://www.w3.org/2001/XMLSchema-instance"
       xsi:schemaLocation="http://www.springframework.org/schema/beans
	http://www.springframework.org/schema/beans/spring-beans-3.2.xsd">
    <bean id="dataSource" class="org.springframework.jdbc.datasource.DriverManagerDataSource">
        <property name="driverClassName" value="com.mysql.jdbc.Driver"/>
        <property name="username" value="parkhomenko"/>
        <property name="password" value="P@kj4tyj"/>
        <property name="url" value="jdbc:mysql://localhost:3306/football?useUnicode=true&amp;characterEncoding=UTF-8"/>
        <!--<property name="username" value="adminX9pHYv8"/>-->
        <!--<property name="password" value="yAdW3qXue3pj"/>-->
        <!--<property name="url" value="jdbc:mysql://127.4.136.130:3306/football3x3"/>-->
    </bean>
</beans>